account,image_love,image_comment,video_love,video_comment,igtv_love,igtv_comment
https://instagram.com/lalalalisa_m,4383333,59794,0,0,0,0
https://instagram.com/real__pcy,2009091,52364,2425000,46750,0,0
https://instagram.com/jennierubyjane,3614286,35713,0,0,0,0
https://instagram.com/sooyaaa__,2460000,18231,0,0,0,0
https://instagram.com/skuukzky,728091,3760,1601750,4646,0,0
https://instagram.com/hudabeauty,149060,3873,670091,1229,895500,1240
https://instagram.com/baifernbah,371571,1186,289775,301,0,0
https://instagram.com/roses_are_rosie,3031579,28519,6150000,19600,0,0
https://instagram.com/taewaew_natapohn,220878,653,619514,481,737000,1092
https://instagram.com/jacksonwang852g7,1149167,16918,851000,8956,0,0
https://instagram.com/cathygonzaga,275214,1042,893000,1558,0,0
https://instagram.com/minminmin0712,54962,166,381000,511,59000,106
https://instagram.com/taeri__taeri,70111,168,0,0,0,0
https://instagram.com/patriciagood,29091,73,89700,64,123000,114
https://instagram.com/3ce_official,10114,9,20100,9,0,0
https://instagram.com/victoriabeckham,169123,597,834260,506,0,0
https://instagram.com/jessica.syj,342000,2625,2600000,5522,0,0
https://instagram.com/__shinyeeun,222071,852,297000,359,0,0
https://instagram.com/gwangoamsinn,24592,51,122950,36,0,0
https://instagram.com/lizasoberano,381688,1947,2100000,2422,2000000,1646
https://instagram.com/hi_sseulgi,874143,6354,1400000,3777,0,0
https://instagram.com/lilymaymac,104967,374,0,0,0,0
https://instagram.com/mookworranit,85261,185,192567,155,0,0
https://instagram.com/sora_pppp,19801,51,101800,72,0,0
https://instagram.com/hyoyeon_x_x,178938,1316,152500,800,0,0
https://instagram.com/apitsada,62900,167,70367,139,241000,133
https://instagram.com/miyayeah,236933,1249,555333,1419,0,0
https://instagram.com/kisy0729,12945,167,214000,296,0,0
https://instagram.com/goyounjung,50243,214,110000,238,0,0
https://instagram.com/theniti,42464,84,154300,168,0,0
https://instagram.com/yook_can_do_it,420667,9227,0,0,0,0
https://instagram.com/chinitaprincess,91500,944,794500,3664,0,0
https://instagram.com/vivamoon,6123,86,0,0,0,0
https://instagram.com/duearisara,58157,134,84268,24,46900,32
https://instagram.com/rolaofficial,119124,324,812000,1031,0,0
https://instagram.com/vely.mom,8496,128,0,0,0,0
https://instagram.com/overdokyungsoo,50347,491,40800,78,0,0
https://instagram.com/boakwon,90188,630,268143,782,0,0
https://instagram.com/jpreem,20275,99,70800,96,0,0
https://instagram.com/songdaeik,55415,379,421000,348,0,0
https://instagram.com/_twinkle_makeup_,6691,40,132033,123,0,0
https://instagram.com/risabae_art,19883,126,0,0,0,0
https://instagram.com/khunfour,33278,56,0,0,0,0
https://instagram.com/somsomi0309,709000,3664,882500,2780,0,0
https://instagram.com/dahee0315,159900,726,360800,836,0,0
https://instagram.com/_yoonkyoung,15564,71,132000,25,0,0
https://instagram.com/seoa_p,8374,72,48550,80,60550,60
https://instagram.com/kyj._.95,9547,159,0,0,0,0
https://instagram.com/villwannarot,23448,65,17700,21,167000,127
https://instagram.com/zipcy,33433,107,0,0,0,0
https://instagram.com/garin_ss,2138,36,11076,22,0,0
https://instagram.com/come2david,12304,69,67750,194,0,0
https://instagram.com/areumsongee,8054,26,0,0,0,0
https://instagram.com/a12486,7083,78,0,0,0,0
https://instagram.com/deardahlia_beauty,2133,15,6560,7,0,0
https://instagram.com/huoggiangggg,184125,589,590000,687,0,0
https://instagram.com/dancingmulgogi,20575,103,171000,32,0,0
https://instagram.com/rothy_ming,27814,170,73650,180,0,0
https://instagram.com/seungcheol__j,4547,84,3297,29,0,0
https://instagram.com/makeup_maker_,1311,10,0,0,76300,26
https://instagram.com/woooozzzzz,5055,97,0,0,0,0
https://instagram.com/delight_hyeon,4323,23,3705,13,0,0
https://instagram.com/kwrhome,1541,30,40600,38,0,0
https://instagram.com/vtcosmetics_official,3477,57,7128,16,0,0
https://instagram.com/charmant__u,13025,159,53700,239,0,0
https://instagram.com/xoyeonee,5111,103,32093,55,0,0
https://instagram.com/jessie_ca_x,3572,33,2169,9,9834,9
https://instagram.com/saayworld,7539,140,54000,331,0,0
https://instagram.com/velyvely0_,2898,18,27000,12,0,0
https://instagram.com/yoomth,3082,33,108000,130,58000,14
https://instagram.com/misssohn,817,24,7253,10,0,0
https://instagram.com/yoobohwa,1533,29,0,0,11193,2
https://instagram.com/mangoo_6,112122,1595,0,0,0,0
https://instagram.com/bosong_s2_,19020,131,57200,64,0,0
https://instagram.com/do2i_,2121,26,7831,16,0,0
https://instagram.com/bell_aiya,20079,36,0,0,0,0
https://instagram.com/yoonara_mood,3321,22,0,0,0,0
https://instagram.com/another_youla,605,10,10955,9,0,0
https://instagram.com/pakkaramai,3243,26,2487,12,0,0
https://instagram.com/jaeinn,7055,31,7667,18,0,0
https://instagram.com/kaone815,2098,20,33800,4,0,0
https://instagram.com/annacay,16404,96,0,0,0,0
https://instagram.com/shortbutstunning,823,20,0,0,0,0
https://instagram.com/imvely_official,228,10,0,0,0,0
https://instagram.com/laneige_kr,2704,50,4151,8,0,0
https://instagram.com/minyoung_aori,9396,270,0,0,0,0
https://instagram.com/gini_s2_,26996,108,34600,18,0,0
https://instagram.com/yangmeera,4263,115,0,0,0,0
https://instagram.com/parkgirim,1839,8,8920,10,0,0
https://instagram.com/jenna_chew,54685,1252,307500,1098,0,0
https://instagram.com/blossomh_,3734,40,9313,33,0,0
https://instagram.com/kimheejin331,4991,35,26400,280,0,0
https://instagram.com/lxxseyoung,1902,40,25915,53,0,0
https://instagram.com/beautyplmagazine,1032,2,5148,2,0,0
https://instagram.com/ahrimin1206,1656,47,31000,120,0,0
https://instagram.com/hansstyle_hanna,850,27,13753,10,30700,20
https://instagram.com/le_cormang,0,0,0,0,0,0
https://instagram.com/vvery_woony,1695,38,10942,8,0,0
https://instagram.com/endorphin.oh,352,9,7084,5,0,0
https://instagram.com/____onnu____,2195,26,41000,37,0,0
https://instagram.com/ahsy_u,6055,49,68000,149,41700,77
https://instagram.com/peripera_official,7594,76,21550,108,0,0
https://instagram.com/__dropin,6013,34,18300,48,0,0
https://instagram.com/holikaholika_official,1787,12,3494,26,0,0
https://instagram.com/knhs2,48324,143,0,0,0,0
https://instagram.com/gemma_811,6433,51,6249,34,0,0
https://instagram.com/thedudacastro,34380,855,230500,495,0,0
https://instagram.com/88bbong,3688,80,15900,319,60600,26
https://instagram.com/benefitcosmeticskorea,1519,36,4273,4,0,0
https://instagram.com/grace1.co.kr__,342,28,0,0,0,0
https://instagram.com/yehdeb,35211,490,0,0,0,0
https://instagram.com/dawniscoming,4394,22,40833,22,0,0
https://instagram.com/wonderpyo,709,27,0,0,2465,4
https://instagram.com/withnami,1318,185,23400,88,0,0
https://instagram.com/pt_u_jin,18358,90,0,0,0,0
https://instagram.com/ro.junghwa,4834,19,0,0,0,0
https://www.instagram.com/chahong.official/,398,2,19667,11,0,0
https://instagram.com/aheadsman_l,2957,94,51075,392,0,0
https://instagram.com/derful_yuri,495,14,12282,21,0,0
https://instagram.com/__h.bin,0,0,0,0,0,0
https://instagram.com/ryun1013,419,14,0,0,0,0
https://instagram.com/yeon.sun,1403,15,0,0,0,0
https://instagram.com/egeeparkcom,214,4,13786,32,9158,1
https://www.instagram.com/iammaeng/,12136,54,49400,21,0,0
https://instagram.com/aprilskin_korea,728,9,1787,2,0,0
https://instagram.com/go_bambi,1005,58,32300,49,0,0
https://instagram.com/memebox_pick,273,7,894,0,0,0
https://instagram.com/heejaeholic,1271,28,38300,43,0,0
https://instagram.com/moonshot_korea,26810,231,28280,32,0,0
https://instagram.com/128page,2501,17,11600,12,0,0
https://instagram.com/minsung8809,8948,46,15900,83,0,0
https://instagram.com/daese1230,3238,45,0,0,0,0
https://instagram.com/joontopia_,2320,26,0,0,0,0
https://instagram.com/vecnexz,3907,29,7323,4,0,0
https://instagram.com/real__siri,329,10,0,0,3622,3
https://instagram.com/kwaktori,2039,26,0,0,0,0
https://instagram.com/yoou.ch,10735,33,9722,9,0,0
https://instagram.com/heididrinkslove,2064,655,64640,1038,0,0
https://instagram.com/besthairstylesmen,6496,97,62866,38,0,0
https://instagram.com/naturerepublic_kr,14087,306,13317,17,0,0
https://instagram.com/i.hate.cucumber,2592,20,0,0,0,0
https://instagram.com/bbia.official,1668,69,7197,17,0,0
https://instagram.com/jju_dresser,631,47,21518,36,12945,24
https://instagram.com/mini_o24,622,23,26572,26,34325,36
https://instagram.com/yeonpilates,1533,62,22850,47,0,0
https://instagram.com/olaborasong,12551,345,30250,161,0,0
https://instagram.com/mming_kkong_,4071,41,0,0,0,0
https://instagram.com/hyanggggg_,3351,21,0,0,0,0
https://instagram.com/leah_miso,1778,13,11201,17,0,0
https://instagram.com/jenny_beauty0209,4079,30,381000,624,0,0
https://instagram.com/iamtaengja,4940,627,0,0,0,0
https://instagram.com/tamystory,938,46,9996,46,0,0
https://instagram.com/kimdayeong_life,6569,89,34450,28,62600,117
https://instagram.com/yeonggine,266,13,3133,16,0,0
https://instagram.com/nice_nemo,970,61,21497,36,0,0
https://instagram.com/manyo_yoojin,6819,92,0,0,0,0
https://instagram.com/cchan_fee4,17797,135,0,0,0,0
https://instagram.com/sson__s,609,71,6207,26,0,0
https://instagram.com/kukukuyeah,22436,290,91000,1311,0,0
https://instagram.com/moon_hahyeon,3498,29,4748,33,0,0
https://instagram.com/twinkle_sunny7,1768,91,20530,208,0,0
https://instagram.com/bunnyaire,9856,83,129000,81,0,0
https://instagram.com/_s_hj,6959,62,15600,83,21000,20
https://instagram.com/froydz,5026,7,0,0,0,0
https://instagram.com/sso_ix,2358,5,3339,7,0,0
https://instagram.com/harry_bloom,3551,101,32091,46,0,0
https://instagram.com/all6i2,508,58,0,0,0,0
https://instagram.com/sh1994m,1356,12,815,4,0,0
https://instagram.com/16.brand,1649,38,4115,4,0,0
https://instagram.com/theorohaejung,151,12,5207,16,0,0
https://instagram.com/pinksecret85,392,23,7909,42,13750,14
https://instagram.com/ysubini,6117,21,30500,19,0,0
https://instagram.com/mint_factory.1004,1884,9,5901,2,0,0
https://instagram.com/___solvely___,8771,42,0,0,0,0
https://instagram.com/louis0387,716,4,4867,4,0,0
https://instagram.com/luv_jayne,9327,29,4893,6,0,0
https://instagram.com/yonyonyxx,4233,28,0,0,0,0
https://instagram.com/love_boki,530,10,0,0,0,0
https://instagram.com/atoi_jihyo,365,25,0,0,0,0
https://instagram.com/laun_kr,1310,214,0,0,0,0
https://instagram.com/heizlemakeup,5766,66,19650,48,0,0
https://instagram.com/ddimmi96,4821,68,9994,78,0,0
https://instagram.com/y_unanaa,1810,77,18400,26,0,0
https://instagram.com/ahk0925,1071,96,0,0,0,0
https://instagram.com/moonguiyoung,644,7,0,0,0,0
https://instagram.com/ecom0920,300,27,6902,33,0,0
https://instagram.com/akaribeauty7,26754,9534,54750,974,0,0
https://instagram.com/victoritalovely,0,0,0,0,0,0
https://instagram.com/hinzajoa,382,6,1048,3,0,0
https://instagram.com/mamondekorea,1318,89,9533,70,0,0
https://instagram.com/lxoxoee,5296,24,0,0,0,0
https://instagram.com/sjingg_,898,101,19110,88,0,0
https://instagram.com/yoon__bling,569,37,0,0,0,0
https://instagram.com/dd.mini,1858,84,29033,133,16900,30
https://instagram.com/he1.da,7149,169,0,0,0,0
https://instagram.com/6_21ds,8959,60,36800,68,0,0
https://instagram.com/woohye0n,12625,106,82767,78,0,0
https://instagram.com/mona_monanim,13022,28,202150,80,222000,58
https://instagram.com/kimzayoung,611,5,1703,8,0,0
https://instagram.com/mozzi.00,370,7,7932,9,0,0
https://instagram.com/minami.riho,10985,52,0,0,0,0
https://instagram.com/arjenia,4896,33,24190,91,0,0
https://instagram.com/l.h.mom,4044,52,9128,31,0,0
https://instagram.com/insight.co.kr_beauty,1917,151,4113,1,0,0
https://instagram.com/rilaccoco,4338,27,27000,251,0,0
https://instagram.com/seonihwang,5682,24,0,0,0,0
https://instagram.com/nail_seoriyam,401,8,4612,12,0,0
https://instagram.com/keemme_,1695,18,8105,13,0,0
https://instagram.com/jardindemaison,319,4,6088,2,0,0
https://instagram.com/ryu_angel,638,94,12054,75,0,0
https://instagram.com/d.hwan_92,5072,36,0,0,0,0
https://instagram.com/summyis,4736,41,19557,13,0,0
https://instagram.com/hael_kk,356,5,2092,8,0,0
https://instagram.com/0__0man,7842,30,3182,24,0,0
https://instagram.com/di_oniz,1005,19,0,0,0,0
https://instagram.com/chaebubble,1446,18,15874,46,0,0
https://instagram.com/__joovely__,817,18,14100,49,0,0
https://instagram.com/gamgak_j,524,16,0,0,0,0
https://instagram.com/binlog_,512,8,11261,4,0,0
https://instagram.com/dunamandu,173,6,5380,9,5679,2
https://instagram.com/the_clerk_48,2509,11,0,0,0,0
https://instagram.com/ev.alet,8034,131,0,0,0,0
https://instagram.com/sjeuro,1374,40,8136,22,14500,15
https://instagram.com/cheristyle_,4203,62,0,0,0,0
https://instagram.com/hahana111,456,30,6018,25,0,0
https://instagram.com/velyyson_g,2148,15,0,0,0,0
https://instagram.com/__bygracekim,3015,63,21700,119,0,0
https://instagram.com/m1ss_ryu,1181,77,0,0,0,0
https://instagram.com/monaka.beauty,1187,14,18825,12,4833,13
https://instagram.com/gombooin,165,10,0,0,6005,4
https://instagram.com/b_bangg_,688,9,9375,15,0,0
https://instagram.com/nail_0408,881,12,14866,10,0,0
https://instagram.com/b_bsssss,854,28,3237,27,0,0
https://instagram.com/_yunboktv,1495,28,907,12,0,0
https://instagram.com/y._.bling,12407,65,30909,20,0,0
https://instagram.com/soyeo,599,16,0,0,0,0
https://instagram.com/96.kim,509,7,6877,5,0,0
https://instagram.com/yuuhyemin,4685,23,0,0,0,0
https://instagram.com/parkahin,513,28,5386,23,0,0
https://instagram.com/marie_yeon,318,12,0,0,0,0
https://instagram.com/edgeo516/,2143,43,21267,32,0,0
https://instagram.com/hp.i09,7709,55,5127,3,0,0
https://instagram.com/hohobeautylog,3010,28,0,0,0,0
https://instagram.com/mong2_mom,6957,101,78633,91,0,0
https://instagram.com/sophia_living,0,0,0,0,0,0
https://instagram.com/cha.star,403,4,5164,2,0,0
https://instagram.com/seoltamin,425,22,0,0,0,0
https://instagram.com/jinsolllllllshin,2662,12,16424,24,0,0
https://instagram.com/afma22,715,8,0,0,0,0
https://instagram.com/yoongandchic,213,5,1621,0,0,0
https://instagram.com/o_yene,4613,40,0,0,0,0
https://instagram.com/enricatarolla,1460,26,7664,33,17500,32
https://instagram.com/usb72,1187,12,0,0,0,0
https://instagram.com/pinkeh2015,1329,31,4511,16,0,0
https://instagram.com/doa_s2,4515,32,63800,26,0,0
https://instagram.com/koojungyeon,301,4,5504,14,0,0
https://instagram.com/velyvely_official,196,2,3161,3,0,0
https://instagram.com/yeondukong,2694,43,10466,16,0,0
https://instagram.com/yeseo_yedam_mom,1310,17,4540,6,0,0
https://instagram.com/alicefunk9093,1161,18,0,0,0,0
https://instagram.com/hp_makeup.kr,2115,17,17633,40,13251,29
https://instagram.com/hyunjeongkkim,434,3,2252,0,0,0
https://instagram.com/hyoxxi,3533,12,6331,13,0,0
https://instagram.com/yomi_o.o,2970,35,0,0,0,0
https://instagram.com/naneunminji,2665,13,4660,25,0,0
https://instagram.com/hairstylist_cevahir_hadi,279,13,1838,8,971,7
https://instagram.com/lololo0728,5879,78,7044,22,0,0
https://instagram.com/haenee___,2081,27,0,0,0,0
https://instagram.com/kim.shony,1257,21,0,0,0,0
https://instagram.com/nathinog,6391,163,34833,281,0,0
https://instagram.com/hi_bambigirl,845,18,10500,25,0,0
https://instagram.com/danjinail,288,1,5173,2,0,0
https://instagram.com/kani_o3o,3148,21,0,0,0,0
https://instagram.com/lemi.do,192,35,0,0,0,0
https://instagram.com/yu__hyewon,5790,80,0,0,0,0
https://instagram.com/s.ming_g,423,47,1760,14,0,0
https://instagram.com/beinny_motd,1861,35,5071,24,0,0
https://instagram.com/wakemake_official,1959,16,17803,7,0,0
https://instagram.com/ssom2ing,1804,30,9452,22,0,0
https://instagram.com/cicis_nail,451,0,2732,2,0,0
https://instagram.com/parktaeyun,581,9,4783,8,0,0
https://instagram.com/kang_naraa,3349,77,0,0,0,0
https://instagram.com/ansomi21,2621,77,11900,39,0,0
https://instagram.com/ehee45,1018,38,9592,21,0,0
https://instagram.com/haajjin,2306,12,20234,12,0,0
https://instagram.com/youh.lax,2913,40,0,0,0,0
https://instagram.com/pure_hwang,3573,22,0,0,0,0
https://instagram.com/kryxsoo,3952,42,2148,14,0,0
https://instagram.com/boyuni.__,783,13,1298,8,0,0
https://instagram.com/cq_bq,766,6,1122,4,29500,26
https://instagram.com/hoyhoyoung,1276,31,6700,20,0,0
https://instagram.com/k__nhi,17788,116,29350,36,0,0
https://instagram.com/namoro0327,1180,4,0,0,0,0
https://instagram.com/dingo_beauty,281,2,1206,3,0,0
https://instagram.com/samchic.jihwan,3493,17,22901,30,0,0
https://instagram.com/min_1111111,5253,74,16700,17,0,0
https://instagram.com/baedina,1641,53,5072,12,0,0
https://instagram.com/rnjs28,14244,193,0,0,0,0
https://instagram.com/kxxgsu,1892,34,10500,23,0,0
https://instagram.com/ssoyonging,2254,64,17867,87,0,0
https://instagram.com/su_.xy,2735,26,0,0,0,0
https://instagram.com/hansomang,736,18,0,0,0,0
https://instagram.com/so_____y_,2059,36,2690,24,0,0
https://instagram.com/0zoocarr,3047,32,0,0,0,0
https://instagram.com/number_76,123,24,1636,2,2255,1
https://instagram.com/merryblossom.sun,1045,30,37314,30,0,0
https://instagram.com/blannblann,207,5,4785,5,0,0
https://instagram.com/haebbang2,730,32,10276,40,0,0
https://instagram.com/bijueny,169,7,0,0,0,0
https://instagram.com/dameebaby,470,17,4777,19,0,0
https://instagram.com/shim.mj,2143,82,0,0,32300,38
https://instagram.com/makeviviju,2006,11,3408,3,0,0
https://instagram.com/yeboring03,10280,70,0,0,0,0
https://instagram.com/hanyulofficial,772,127,2314,12,0,0
https://instagram.com/dambi.home,894,24,0,0,0,0
https://instagram.com/mjystagram,514,4,4513,3,0,0
https://instagram.com/_____network,268,5,0,0,0,0
https://instagram.com/eezzh,5050,26,0,0,0,0
https://instagram.com/shuni_kaeun,493,34,2292,26,0,0
https://instagram.com/luckymizili,6948,86,24750,92,0,0
https://instagram.com/make_up_hy,135,1,1740,6,6792,4
https://instagram.com/0916_96,1360,11,1393,12,0,0
https://instagram.com/kiehlskorea,322,35,1296,16,0,0
https://instagram.com/grace___u,781,21,19400,40,0,0
https://instagram.com/stephany.02.28_official_,3223,12,14528,18,0,0
https://instagram.com/su_minvv,9780,28,0,0,0,0
https://instagram.com/2toyoung,550,6,0,0,0,0
https://instagram.com/doublee_lee,455,42,39750,206,0,0
https://instagram.com/ih_dressroom,1536,50,0,0,0,0
https://instagram.com/0323_becky,2876,98,11800,84,0,0
https://instagram.com/drjart_kr,675,23,6972,110,0,0
https://instagram.com/raonjenanim,539,13,0,0,0,0
https://instagram.com/kindabaeey/,0,0,0,0,0,0
https://instagram.com/emmachoi__,401,6,630,2,0,0
https://instagram.com/belle_leah,206,16,0,0,0,0
https://instagram.com/hyo_1013,3280,36,79500,117,6343,3
https://instagram.com/jung_eunhye__,708,3,80484,19,0,0
https://instagram.com/kingo1398,2437,216,31360,146,0,0
https://instagram.com/ksukyoung,897,40,0,0,0,0
https://instagram.com/sat7800,144,8,1554,0,0,0
https://instagram.com/by_gelato_factory,312,5,1971,11,0,0
https://instagram.com/juyeon___2,972,19,0,0,0,0
https://instagram.com/babykumsung,6547,104,3229,13,0,0
https://instagram.com/gkruddll,5767,27,20100,7,0,0
https://instagram.com/l3xng,1776,18,0,0,0,0
https://instagram.com/angy__unni,671,77,9488,79,6390,30
https://instagram.com/raniword,0,0,0,0,0,0
https://instagram.com/iwomansense,99,1,216,2,0,0
https://instagram.com/bushcherry1,833,341,0,0,0,0
https://instagram.com/mj.oo0,272,4,1510,8,0,0
https://instagram.com/gwooxin,2675,30,0,0,0,0
https://instagram.com/glee_makeup,1303,27,6773,20,0,0
https://instagram.com/haeny_gram,2382,40,14500,57,0,0
https://instagram.com/huxley_korea,1296,20,0,0,0,0
https://instagram.com/kwakjungeun_laavanya/,1298,26,8509,14,0,0
https://instagram.com/y_ar1492,2792,23,0,0,0,0
https://instagram.com/yoonjae_1130,4151,36,0,0,0,0
https://instagram.com/2.bin,1232,13,16500,26,0,0
https://instagram.com/1208_sj,536,9,1395,6,0,0
https://instagram.com/___kim_0,1007,10,0,0,0,0
https://instagram.com/hwangjungmin_,2664,15,30341,47,0,0
https://instagram.com/young_in1368,2082,13,0,0,0,0
https://instagram.com/zum_3_,746,29,2352,19,0,0
https://instagram.com/1_ran.thanx,8006,28,0,0,0,0
https://instagram.com/_inblair,134,3,0,0,5428,3
https://instagram.com/dn_wls,1387,5,0,0,0,0
https://instagram.com/taczo_market,192,28,6284,26,0,0
https://instagram.com/peizhangwo,3487,36,0,0,0,0
https://instagram.com/luv_momo.ys,191,11,0,0,0,0
https://instagram.com/dj_liid_,1959,8,3204,3,0,0
https://instagram.com/minjichu_,826,12,0,0,0,0
https://instagram.com/wsen_jinhee,132,13,0,0,0,0
https://instagram.com/song_rina,217,17,0,0,0,0
https://instagram.com/realch,296,9,8026,44,0,0
https://instagram.com/ha_seobin,957,20,3762,5,0,0
https://instagram.com/chowo_n,705,6,6648,6,0,0
https://instagram.com/_parkha,263,10,3242,11,0,0
https://instagram.com/dr.g_official,230,9,1572,30,0,0
https://instagram.com/sakinanba,1668,12,14900,5,0,0
https://instagram.com/feelyujin,1301,33,12600,38,0,0
https://instagram.com/dd9987_,1133,13,2435,2,0,0
https://instagram.com/joohea8,555,17,0,0,0,0
https://instagram.com/jjjin.young,246,18,2388,16,0,0
https://instagram.com/lovelehee,5833,89,22125,134,0,0
https://instagram.com/hol_ddong,1752,13,11317,6,0,0
https://instagram.com/ellelynna,530,5,0,0,1922,2
https://instagram.com/b_d.ijin,1306,7,19610,12,0,0
https://instagram.com/kkimhayoung,1904,26,10400,20,0,0
https://instagram.com/abbielee7,970,21,1682,11,0,0
https://instagram.com/kiu_design_,4270,37,35720,58,0,0
https://instagram.com/by_ladymimi,273,19,0,0,0,0
https://instagram.com/mjkim0108,748,31,4013,11,0,0
https://instagram.com/shu__________,1927,57,5525,35,0,0
https://instagram.com/leeseeraa,558,3,2056,4,1581,2
https://instagram.com/hxnjxwxn,524,8,0,0,0,0
https://instagram.com/kangnajj,674,28,8328,9,0,0
https://instagram.com/1992.12.11,1280,38,0,0,0,0
https://instagram.com/nara_crush,2574,24,11318,22,0,0
https://instagram.com/hwangbarbie,748,27,9189,18,1789,6
https://instagram.com/jooyeonking,237,2,2314,1,0,0
https://instagram.com/_eun.me,933,402,15200,9,0,0
https://instagram.com/i.am.mell,1523,32,13900,69,0,0
https://instagram.com/kkangsara,150,5,0,0,0,0
https://instagram.com/pila_nyong,3013,113,147000,171,43800,115
https://instagram.com/chaae.rin,616,24,0,0,0,0
https://instagram.com/baeg_,503,7,0,0,0,0
https://instagram.com/miuforyou,3169,14,20431,12,0,0
https://instagram.com/luv_mintminty,5276,60,181333,76,0,0
https://instagram.com/diana_park0116,422,21,8030,19,0,0
https://instagram.com/wsj007,0,0,40513,76,0,0
https://instagram.com/choonran,1024,19,25467,15,0,0
https://instagram.com/__ssong2__,888,41,6472,12,6991,34
https://instagram.com/by_malla,1026,8,0,0,0,0
https://instagram.com/shinae.lee,641,13,0,0,0,0
https://instagram.com/bbangmi.a,420,41,3209,17,0,0
https://instagram.com/eaum0801,1036,48,0,0,0,0
https://instagram.com/m_chae0_,0,0,0,0,0,0
https://instagram.com/gnal_nail,871,10,5749,13,0,0
https://instagram.com/k_ming97,3109,46,0,0,0,0
https://instagram.com/cherie_flavor,750,9,0,0,0,0
https://instagram.com/zin_uk,1134,35,640,29,0,0
https://instagram.com/heurim.03.08,1391,14,0,0,0,0
https://instagram.com/milladiary,482,13,0,0,8176,0
https://instagram.com/model.yca,313,6,0,0,0,0
https://instagram.com/__luv_j,752,40,0,0,0,0
https://instagram.com/he.le.n._,1625,27,4320,12,0,0
https://instagram.com/154kg,1036,26,15450,20,18100,39
https://instagram.com/from_dami,931,64,4826,58,0,0
https://instagram.com/ellie_jye,1063,45,0,0,0,0
https://instagram.com/lejour_official,195,12,2550,37,0,0
https://instagram.com/chxxilee,0,0,0,0,0,0
https://instagram.com/dawoonyyy,2453,33,13489,5,13100,12
https://instagram.com/ye_____vely,805,9,0,0,0,0
https://instagram.com/jeon.han_na,725,22,0,0,0,0
https://instagram.com/shuniibeauty,3039,16,0,0,0,0
https://instagram.com/suno_photo82,1504,40,0,0,0,0
https://instagram.com/ssuly.ssul,1669,42,5413,18,0,0
https://instagram.com/ujmoo_,1542,24,9581,20,0,0
https://instagram.com/april.haru,896,6,0,0,0,0
https://instagram.com/hyunsuk_goby,0,0,13583,8,21080,15
https://instagram.com/yoomstagramm_,2047,84,0,0,0,0
https://instagram.com/shiny_jin_30,765,73,1776,62,0,0
https://instagram.com/bombom_w/,326,2,0,0,0,0
https://instagram.com/h_villa_,0,0,0,0,0,0
https://instagram.com/kimssang83,0,0,0,0,0,0
https://instagram.com/sera0217,937,24,0,0,0,0
https://instagram.com/sweetyserim,728,17,0,0,0,0
https://instagram.com/ohmyseon,681,16,0,0,0,0
https://instagram.com/collour,170,5,409,2,0,0
https://instagram.com/jnnn2,533,25,8180,27,0,0
https://instagram.com/ssol_ee,2449,32,28750,34,0,0
https://instagram.com/umji0714,1156,57,1940,45,0,0
https://instagram.com/ringhee,1511,43,4467,19,3351,26
https://instagram.com/jessica_kimkayeon,969,17,11596,14,0,0
https://instagram.com/goldpandang_/,230,4,0,0,0,0
https://instagram.com/lo9ve8r01s,3278,53,18850,38,0,0
https://instagram.com/hermia24,571,17,0,0,0,0
https://instagram.com/aya__m02,26129,172,101000,155,0,0
https://instagram.com/jiwon.loves,1506,3,1925,2,0,0
https://instagram.com/chul2gram,680,18,0,0,0,0
https://instagram.com/oh_dya,924,20,1424,16,0,0
https://instagram.com/hhyun_ha,1706,68,0,0,0,0
https://instagram.com/hellojiyoungs,1573,9,8409,10,0,0
https://instagram.com/diiin.d,959,12,0,0,0,0
https://instagram.com/jj.529529,1156,11,0,0,0,0
https://instagram.com/chaeeun_eunchae,1521,19,0,0,0,0
https://instagram.com/bad_seonghye,1327,72,9236,108,959,26
https://instagram.com/petite_bird_,251,19,0,0,0,0
https://instagram.com/parksojeong__,287,4,481,9,0,0
https://instagram.com/huya_bros,967,13,687,0,0,0
https://instagram.com/dasom_lovely,3195,78,98300,163,0,0
https://instagram.com/ezpzlemonsqzy_,9544,146,14147,135,0,0
https://instagram.com/mua_kyungst,582,20,0,0,28829,32
https://instagram.com/so_osj,592,11,2015,8,0,0
https://instagram.com/damnii_,260,19,4604,9,0,0
https://instagram.com/ch00_hj03,1335,20,0,0,0,0
https://instagram.com/matiere_0,1274,44,4069,111,0,0
https://instagram.com/l.su_jung,1190,43,2063,46,0,0
https://instagram.com/gnal_yurim,927,7,12100,7,0,0
https://instagram.com/yelilly,296,11,893,0,0,0
https://instagram.com/59.5994,3339,39,0,0,0,0
https://instagram.com/solavlyy,69,5,0,0,0,0
https://instagram.com/songda_,576,27,3305,27,0,0
https://instagram.com/oxemmay,869,79,2621,89,0,0
https://instagram.com/ming._.p,246,2,0,0,0,0
https://instagram.com/code_name_junna,4108,26,0,0,0,0
https://instagram.com/good.vibes.soap,764,5,0,0,0,0
https://instagram.com/taera_mxox,1003,7,541,4,0,0
https://instagram.com/about_reum,267,12,3561,16,0,0
https://instagram.com/k_sh93,1246,83,2652,52,0,0
https://instagram.com/kylie_n_bright,881,9,0,0,0,0
https://instagram.com/eclado.hero,341,6,504,1,0,0
https://instagram.com/thejnana,219,6,0,0,0,0
https://instagram.com/bopianomagic,1966,56,14377,84,15582,94
https://instagram.com/lovelywinkle,852,7,654,3,0,0
https://instagram.com/hongparksa,193,3,2492,3,1028,4
https://instagram.com/bo.jeong,698,14,0,0,0,0
https://instagram.com/jjaeris,229,8,0,0,5135,6
https://instagram.com/_amour_j,130,7,0,0,0,0
https://instagram.com/ggap1214,852,16,0,0,0,0
https://instagram.com/396jiyoon,1001,10,12900,16,0,0
https://instagram.com/marieansu,975,63,0,0,0,0
https://instagram.com/yuif.yongha/,378,0,11294,3,0,0
https://instagram.com/somsomvely,1926,86,0,0,0,0
https://instagram.com/dddeony,6851,28,79550,28,0,0
https://instagram.com/nungo._.m,689,13,0,0,0,0
https://instagram.com/spider_0801,1474,115,0,0,0,0
https://instagram.com/yehui_kim,705,8,0,0,0,0
https://instagram.com/luvmabin,791,23,0,0,0,0
https://instagram.com/luvle_j,859,28,5412,25,0,0
https://instagram.com/eunyoung__jj,567,68,13650,57,0,0
https://instagram.com/__ybom_,449,26,0,0,0,0
https://instagram.com/17_06_03_,900,3,24800,16,0,0
https://instagram.com/especialbk,563,9,0,0,0,0
https://instagram.com/blanc_101,616,68,0,0,0,0
https://instagram.com/girl_from_town,705,65,0,0,0,0
https://instagram.com/_in_young,211,12,4851,34,0,0
https://instagram.com/black_mhk,759,25,741,14,0,0
https://instagram.com/rikunim,806,54,1595,51,0,0
https://instagram.com/mercirei,284,21,7375,45,0,0
https://instagram.com/twinkle_leeyeonhui,1165,30,0,0,0,0
https://instagram.com/seoa_feela,1058,65,6735,72,0,0
https://instagram.com/seungsse2,5382,62,0,0,45600,128
https://instagram.com/gjjye.__.s,1068,33,1344,37,0,0
https://instagram.com/jungeun_julia_kim,345,9,0,0,0,0
https://instagram.com/naming.cosmetic,514,3,5502,5,0,0
https://instagram.com/01minji_baek,3043,31,0,0,0,0
https://instagram.com/sso_pharm,169,31,566,27,0,0
https://instagram.com/ryokoko___,709,24,0,0,0,0
https://instagram.com/minsuu_,972,13,5690,4,0,0
https://instagram.com/cherishxk_,1044,22,0,0,0,0
https://instagram.com/jinhajin7,841,33,0,0,0,0
https://instagram.com/motd_sudal,279,6,7039,6,7951,15
https://instagram.com/c._.miiii,714,7,0,0,0,0
https://instagram.com/0128_rrr,109,2,0,0,0,0
https://instagram.com/dalrae.jin,1760,52,5408,31,0,0
https://instagram.com/ruru160616,969,5,999,11,0,0
https://instagram.com/yesbee92,522,22,1168,26,0,0
https://instagram.com/kwakjihee,443,17,0,0,0,0
https://instagram.com/e_s.e.in_,1332,17,30900,18,0,0
https://instagram.com/parkinjin,269,24,2156,12,0,0
https://instagram.com/davinluv,2732,78,4857,58,0,0
https://instagram.com/2mingbg,1279,35,0,0,0,0
https://instagram.com/shillaipark,854,164,5708,76,0,0
https://instagram.com/helstagram__s2,1087,13,0,0,0,0
https://instagram.com/the.ariel,280,22,0,0,0,0
https://instagram.com/1evely1,206,9,2157,4,0,0
https://instagram.com/ssong.unni,209,6,3451,8,0,0
https://instagram.com/l___c___r,594,7,0,0,0,0
https://instagram.com/model_sera,1008,48,2843,66,0,0
https://instagram.com/yessii__11,3525,120,26400,106,0,0
https://instagram.com/min_young777,411,14,1692,27,0,0
https://instagram.com/exhyun,1461,39,0,0,0,0
https://instagram.com/haeleun,1355,28,1418,25,0,0
https://instagram.com/equal_diamond,1104,6,3116,6,0,0
https://instagram.com/vurmuse,299,12,0,0,0,0
https://instagram.com/marozzang_cats,751,10,1870,6,0,0
https://instagram.com/star__hee,283,13,0,0,3867,7
https://instagram.com/pinkparfait0530,243,11,0,0,0,0
https://instagram.com/a.pply,815,15,485,5,0,0
https://instagram.com/eunseo_lee,1029,45,0,0,0,0
https://instagram.com/cchokkong,662,13,0,0,0,0
https://instagram.com/si_so_m,222,5,0,0,0,0
https://instagram.com/inrong2,1386,56,1960,45,0,0
https://instagram.com/sae.byul,603,27,0,0,0,0
https://instagram.com/mercibody,924,9,5531,3,0,0
https://instagram.com/luv_me_baby_,189,5,1689,3,0,0
https://instagram.com/sweetjiana,402,28,1052,42,0,0
https://instagram.com/jung_beom_park,2247,84,9448,123,0,0
https://instagram.com/haenimini,175,2,1161,1,0,0
https://instagram.com/guindero,3720,55,0,0,0,0
https://instagram.com/sein_xx,133,9,1226,16,0,0
https://instagram.com/ming_9li,1014,9,0,0,0,0
https://instagram.com/mable_xo,647,36,0,0,0,0
https://instagram.com/juheestory,1130,63,3293,41,0,0
https://instagram.com/sweet_emily9,969,52,0,0,0,0
https://instagram.com/yooeep,1772,22,13900,11,0,0
https://instagram.com/su.rystal,802,13,6292,21,0,0
https://instagram.com/_coralhyang_,1109,24,0,0,0,0
https://instagram.com/soobeanie_,2760,27,0,0,0,0
https://instagram.com/gien_issei,2135,4,55267,7,0,0
https://instagram.com/tv_crystal,443,51,3693,41,10600,35
https://instagram.com/_____e.j,367,24,1031,8,0,0
https://instagram.com/fromjosee,241,6,0,0,0,0
https://instagram.com/yyyyyyyyooo1,1234,27,4920,12,0,0
https://instagram.com/le__won,200,4,61,0,0,0
https://instagram.com/skingymco,2434,136,1841,4,3188,6
https://instagram.com/sozonii,645,33,0,0,0,0
https://instagram.com/sieun91yu,1161,6,4578,2,0,0
https://instagram.com/_2.seul,721,77,0,0,0,0
https://instagram.com/didi_mamma,520,12,0,0,0,0
https://instagram.com/_ciel_0,22698,332,0,0,0,0
https://instagram.com/moiet_moiet,118,4,254,2,0,0
https://instagram.com/mermaidviviv,2523,40,26508,64,0,0
https://instagram.com/olson2da,678,43,2085,14,0,0
https://instagram.com/we__97,12985,91,0,0,0,0
https://instagram.com/joyful_youngeun,200,39,6796,22,5129,24
https://instagram.com/ddunmee,308,36,5544,33,0,0
https://instagram.com/young.story,3061,20,43116,12,0,0
https://instagram.com/uhu_sy,2433,54,0,0,0,0
https://instagram.com/jjvely_oo,2209,53,0,0,0,0
https://instagram.com/soonseol,532,11,2906,12,0,0
https://instagram.com/minimechuu,1041,4,2659,2,0,0
https://instagram.com/ikw0977,255,6,4784,31,3112,4
https://instagram.com/so2star1,481,43,10700,21,0,0
https://instagram.com/chaexju,499,9,0,0,0,0
https://instagram.com/kimmi_stagram,298,5,0,0,0,0
https://instagram.com/w_alxx,667,30,0,0,0,0
https://instagram.com/q.n.kk,496,7,9263,6,0,0
https://instagram.com/jiinflower,931,11,4983,3,0,0
https://instagram.com/woongrami,198,4,1111,0,0,0
https://instagram.com/njellsol1,925,64,1259,73,0,0
https://instagram.com/srjhrang,1059,32,5565,32,0,0
https://instagram.com/may.fleur,1886,32,19524,10,0,0
https://instagram.com/bootyjenny_,148,4,2252,4,0,0
https://instagram.com/99_0425,341,5,0,0,0,0
https://instagram.com/wendychung,803,14,8175,10,18590,39
https://instagram.com/yoone2e,1211,16,0,0,0,0
https://instagram.com/ddogibri,267,16,0,0,0,0
https://instagram.com/haye0n._.2,2850,20,0,0,0,0
https://instagram.com/4.renzi,3222,60,81050,80,0,0
https://instagram.com/hs_u,715,13,0,0,0,0
https://instagram.com/yoolbellababy,505,31,0,0,0,0
https://instagram.com/snow.bambi,304,17,9588,77,0,0
https://instagram.com/luv__dool2,192,21,1672,4,0,0
https://instagram.com/dress_guru,202,6,2250,0,0,0
https://instagram.com/meteljia,469,21,589,21,0,0
https://instagram.com/hwan_nini,2186,29,4594,32,0,0
https://instagram.com/zoah.u,1805,19,0,0,0,0
https://instagram.com/seung_hun_0128,7054,54,10623,43,0,0
https://instagram.com/o3ong,1510,31,43368,92,0,0
https://instagram.com/parkjuya,291,10,2039,22,0,0
https://instagram.com/jeon_n_,753,22,1685,11,0,0
https://instagram.com/ifyoudie92,2264,28,4701,27,0,0
https://instagram.com/sexyhonga,999,33,3246,41,0,0
https://instagram.com/dodo_chae.a,104,5,0,0,0,0
https://instagram.com/inaheeme,347,12,1428,8,0,0
https://instagram.com/lady_minong,195,7,0,0,0,0
https://instagram.com/0203.20,1461,22,0,0,0,0
https://instagram.com/a5udrey,715,33,1130,14,0,0
https://instagram.com/yeahfur,104,9,0,0,0,0
https://instagram.com/kchuls,331,6,0,0,0,0
https://instagram.com/dongkyu4158,171,2,5181,6,0,0
https://instagram.com/wilyalam,9502,219,0,0,0,0
https://instagram.com/lee_sr420,1745,40,0,0,0,0
https://instagram.com/s2hyunnn,4884,53,0,0,0,0
https://instagram.com/caansong,649,56,0,0,0,0
https://instagram.com/_____jjh,9817,267,0,0,0,0
https://instagram.com/yui_zzang_kang,316,7,0,0,0,0
https://instagram.com/_rosybrown,178,5,0,0,0,0
https://instagram.com/somevely,204,18,1129,8,0,0
https://instagram.com/bella__koo,355,17,0,0,0,0
https://instagram.com/sung_min1999,725,7,0,0,0,0
https://instagram.com/by_juha,259,18,0,0,0,0
https://instagram.com/terrorgirl12,980,23,2525,17,0,0
https://instagram.com/v_yeon_,977,6,533,4,0,0
https://instagram.com/joutique600,311,26,6200,36,0,0
https://instagram.com/isabelparkk,247,2,0,0,0,0
https://instagram.com/e__naa,3556,85,71400,86,0,0
https://instagram.com/bora.own,893,28,694,6,0,0
https://instagram.com/4ranghj,910,32,0,0,3327,12
https://instagram.com/yezi_mong,589,8,0,0,0,0
https://instagram.com/heenim1116,1029,41,5749,29,0,0
https://instagram.com/k_cw328,644,15,0,0,0,0
https://instagram.com/mindol_l,759,12,0,0,0,0
https://instagram.com/o.rooose,370,18,0,0,0,0
https://instagram.com/nailthechaeum,40,0,0,0,0,0
https://instagram.com/yu_ttogtti,3315,22,0,0,0,0
https://instagram.com/hswj1221,898,24,0,0,0,0
https://instagram.com/bel.la__,742,13,4317,12,0,0
https://instagram.com/yein1016,1331,28,4013,24,0,0
https://instagram.com/hk_hmi_96,1235,29,0,0,0,0
https://instagram.com/zz__ia,344,46,1414,58,0,0
https://instagram.com/happy._.ej,2042,44,19500,55,0,0
https://instagram.com/in000000,345,15,0,0,0,0
https://instagram.com/skinsos,322,28,3483,26,0,0
https://instagram.com/samchic.jangeunsam,783,13,6753,2,0,0
https://instagram.com/mikeysmakeup,5309,137,16448,111,8796,273
https://instagram.com/msgabbys,466,7,0,0,0,0
https://instagram.com/mariennemh,226,13,0,0,0,0
https://instagram.com/yeinssong,238,8,5733,12,0,0
https://instagram.com/oiooi303,5936,59,6680,31,0,0
https://instagram.com/pyh0401,106,6,0,0,0,0
https://instagram.com/boracay_nana,462,27,0,0,0,0
https://instagram.com/luv_ssuji,977,45,1756,42,0,0
https://instagram.com/soyou_park,422,29,582,38,0,0
https://instagram.com/chanoopy_,941,23,649,2,0,0
https://instagram.com/mybong_s2,525,64,0,0,0,0
https://instagram.com/me._.r_you,639,18,451,2,0,0
https://instagram.com/yuta.oteki,802,1,5567,0,0,0
https://instagram.com/05_31_sj,1666,32,0,0,0,0
https://instagram.com/mommanamu,189,9,803,4,0,0
https://instagram.com/chu_chu_chu_1228,612,31,1368,33,0,0
https://instagram.com/sssoblyy,911,87,0,0,0,0
https://instagram.com/0o_____zo0,1101,62,0,0,0,0
https://instagram.com/twins_roa_robin,328,20,3314,24,0,0
https://instagram.com/body_ming,478,16,7374,32,0,0
https://instagram.com/aranenglish,464,28,0,0,1309,2
https://instagram.com/___winniewu___,4599,40,14750,68,10200,32
https://instagram.com/hasunghuns,3468,46,0,0,0,0
https://instagram.com/jiyom09,107,8,1096,6,0,0
https://instagram.com/miqinddawoon,1167,23,0,0,0,0
https://instagram.com/semi09,405,10,0,0,0,0
https://instagram.com/k.narae_,322,3,0,0,0,0
https://instagram.com/sun_zuni,420,2,0,0,0,0
https://instagram.com/y__silri,1044,149,0,0,0,0
https://instagram.com/heejung2918,545,2,0,0,0,0
https://instagram.com/q_dori,302,5,4381,7,0,0
https://instagram.com/dasom_,122,4,489,1,0,0
https://instagram.com/collectamber_,54,1,919,2,0,0
https://instagram.com/femmefatale_mint,1294,29,0,0,0,0
https://instagram.com/lovehany_sy,566,1,1273,3,0,0
https://instagram.com/mynameanjin,106,1,0,0,0,0
https://instagram.com/photo_hair_cut,271,2,0,0,0,0
https://instagram.com/snow_kr_official,389,3,9983,6,0,0
https://instagram.com/su._.pi,795,10,672,7,0,0
https://instagram.com/eun6381,438,11,0,0,0,0
https://instagram.com/chaemi.nail,462,3,0,0,0,0
https://instagram.com/zzangfox75,358,9,496,3,0,0
https://instagram.com/maylim_k,455,22,0,0,0,0
https://instagram.com/bae.sajang,822,17,2467,13,0,0
https://instagram.com/yewon_____j,605,13,0,0,0,0
https://instagram.com/chocomousse0916,734,26,0,0,4090,27
https://instagram.com/saravivid,1818,11,0,0,0,0
https://instagram.com/banso,682,30,0,0,0,0
https://instagram.com/beauty.sketch,556,7,0,0,0,0
https://instagram.com/jihyea87,1514,20,1403,9,0,0
https://instagram.com/olivia.yoon_,465,19,6275,35,0,0
https://instagram.com/jangkorea_,1010,20,4835,35,0,0
https://instagram.com/mimi__hye,303,14,266,8,0,0
https://instagram.com/ddddo.s,594,12,0,0,0,0
https://instagram.com/kimxxmiso,393,10,2144,5,0,0
https://instagram.com/hae_a2019,2920,18,58300,17,0,0
https://instagram.com/0ing_ddoing,655,6,0,0,0,0
https://instagram.com/yoonseo860,362,14,0,0,0,0
https://instagram.com/minimining_,381,10,0,0,0,0
https://instagram.com/won850318,278,3,1672,2,0,0
https://instagram.com/nunuher,213,19,0,0,0,0
https://instagram.com/1122__rabbit,639,11,0,0,0,0
https://instagram.com/_loveys_,197,6,2939,13,0,0
https://instagram.com/pinkmint79,413,15,0,0,0,0
https://instagram.com/arcs.andsome,435,15,8942,30,18000,26
https://instagram.com/zihye_gyul,502,13,2715,11,0,0
https://instagram.com/ka_young2000,490,30,1786,23,0,0
https://instagram.com/beuuunjung,977,13,9893,23,0,0
https://instagram.com/dipp_____,884,14,0,0,0,0
https://instagram.com/febriihikaru,2438,32,12584,15,0,0
https://instagram.com/echo.unni,269,9,4698,6,2135,0
https://instagram.com/justyoung__,277,4,1154,2,0,0
https://instagram.com/wjsdkfka,815,2,615,11,0,0
https://instagram.com/bling_kimdana,977,27,0,0,0,0
https://instagram.com/s__.ugoi,918,62,0,0,0,0
https://instagram.com/winter_28270,8952,119,0,0,0,0
https://instagram.com/_r.mming_,253,7,1230,12,0,0
https://instagram.com/mihwa1127,617,23,1566,13,0,0
https://instagram.com/catterjug,586,6,0,0,0,0
https://instagram.com/jinunmi,378,36,3907,22,0,0
https://instagram.com/bjsjhses,496,18,0,0,0,0
https://instagram.com/dr.hong_,296,21,4100,16,0,0
https://instagram.com/seo.ji.hoon,935,69,0,0,0,0
https://instagram.com/everycare_kr,110,5,8310,2,0,0
https://instagram.com/rani_1027,307,5,0,0,0,0
https://instagram.com/j.on___,137,8,4451,60,0,0
https://instagram.com/lucky_mybaby,268,2,6323,0,0,0
https://instagram.com/seha_03,294,3,1198,2,0,0
https://instagram.com/susulovemj,945,34,1185,49,0,0
https://instagram.com/kangseungok3646,973,19,0,0,0,0
https://instagram.com/costrama,299,11,0,0,0,0
https://instagram.com/aggieku0201,958,10,0,0,0,0
https://instagram.com/jung___a,666,23,0,0,1189,13
https://instagram.com/jyzizima,347,5,1473,3,0,0
https://instagram.com/kkoch1115,942,3,0,0,0,0
https://instagram.com/youngjoo1225,932,34,4265,48,2575,14
https://instagram.com/bo___seok_,989,28,774,19,0,0
https://instagram.com/jungsungaa,257,8,8646,6,0,0
https://instagram.com/da.and.woo,404,19,498,4,0,0
https://instagram.com/mingarden_,565,25,5994,17,0,0
https://instagram.com/yoon_youngme,241,8,0,0,0,0
https://instagram.com/mseoka,1916,31,9641,36,0,0
https://instagram.com/tmxkdysl,1068,24,1,0,0,0
https://instagram.com/nahee_kim88,0,0,0,0,0,0
https://instagram.com/su.j1n1,1097,56,0,0,0,0
https://instagram.com/hyrn._.04,1682,25,0,0,0,0
https://instagram.com/tiffanys3o,430,7,0,0,0,0
https://instagram.com/sy8379,110,5,0,0,0,0
https://instagram.com/3puppy,398,4,1749,14,0,0
https://instagram.com/ggool25,1082,44,0,0,0,0
https://instagram.com/haneuddeum,823,16,2118,14,0,0
https://instagram.com/_seo.hui.93,634,13,0,0,0,0
https://instagram.com/jenny5466,1185,21,0,0,0,0
https://instagram.com/hano.gram,618,11,4420,10,0,0
https://instagram.com/younsunhey,296,6,803,16,0,0
https://instagram.com/woorin_j,0,0,0,0,0,0
https://instagram.com/hi_1204_,798,56,0,0,0,0
https://instagram.com/cutteyooung,728,48,2806,77,0,0
https://instagram.com/marshallbride,249,1,4055,1,0,0
https://instagram.com/jinmi_nana,60,4,1591,11,745,2
https://instagram.com/__________yuri_,44,5,132,7,0,0
https://instagram.com/gomsnap,418,4,0,0,0,0
https://instagram.com/tweet_song,377,64,0,0,8655,64
https://instagram.com/ch_seojin,1952,15,15767,16,0,0
https://instagram.com/dd__boon,762,49,0,0,0,0
https://instagram.com/ks_vely7,1063,24,932,14,0,0
https://instagram.com/u_luv_me,434,17,0,0,0,0
https://instagram.com/ggyu_o3o,1788,22,7783,26,0,0
https://instagram.com/elly0126,607,22,6121,17,0,0
https://instagram.com/kimjubu_home,358,52,0,0,0,0
https://instagram.com/rosefix,411,8,0,0,0,0
https://instagram.com/h.hailey__,516,3,3189,0,0,0
https://instagram.com/jisungire,566,14,2190,13,0,0
https://instagram.com/_castella_,436,23,0,0,0,0
https://instagram.com/ha_sisters__,467,32,3821,14,0,0
https://instagram.com/_oliviastory,123,6,1643,5,0,0
https://instagram.com/by_talktome,582,14,0,0,0,0
https://instagram.com/aripi_06,1815,54,0,0,2107,11
https://instagram.com/woolzzin,8038,215,23600,197,0,0
https://instagram.com/moon.light0619,349,12,0,0,0,0
https://instagram.com/z_hyunee,1636,52,0,0,0,0
https://instagram.com/khsolvly,693,6,0,0,0,0
https://instagram.com/_sia.mom_,812,4,0,0,0,0
https://instagram.com/im2ezz,0,0,0,0,0,0
https://instagram.com/eeun_98,449,26,0,0,0,0
https://instagram.com/dhy_6,1176,1,0,0,0,0
https://instagram.com/l.hyun_____,430,59,930,61,0,0
https://instagram.com/amorepacific.official,236,3,744,0,0,0
https://instagram.com/___bluelotus,382,16,2352,6,0,0
https://instagram.com/ssossolovely,1029,29,5639,39,0,0
https://instagram.com/miu_boutique,212,19,3807,23,0,0
https://instagram.com/sihyuuun,644,15,3568,29,0,0
https://instagram.com/kang.n_ay,617,15,0,0,0,0
https://instagram.com/haru_love2015,816,51,0,0,0,0
https://instagram.com/_linsun__,1173,56,2243,62,0,0
https://instagram.com/hyeyoungeyo,665,9,0,0,0,0
https://instagram.com/_hotbin,1308,53,7372,45,0,0
https://instagram.com/bling__tae,414,13,0,0,0,0
https://instagram.com/a_z_e_,879,5,0,0,0,0
https://instagram.com/lulie___,848,30,0,0,0,0
https://instagram.com/_bestido,967,16,0,0,0,0
https://instagram.com/kim_hj74,99,15,0,0,0,0
https://instagram.com/ravienana,299,33,3864,30,0,0
https://instagram.com/lip_song,166,6,797,11,1316,14
https://instagram.com/binnalyoon,118,0,3779,1,0,0
https://instagram.com/mocoming,405,9,3112,17,0,0
https://instagram.com/k_________leo,645,135,0,0,0,0
https://instagram.com/kimyamjeon,265,3,0,0,0,0
https://instagram.com/who_ansso,652,63,0,0,0,0
https://instagram.com/_kkzy,552,23,0,0,0,0
https://instagram.com/yooonnami,235,10,0,0,0,0
https://instagram.com/dkdud5070,318,24,2465,68,0,0
https://instagram.com/_sarang,1039,35,3448,29,0,0
https://instagram.com/smilejoanna22,486,20,1717,18,0,0
https://instagram.com/ssangdiya,207,21,1340,15,0,0
https://instagram.com/lovelyddung,73,15,0,0,0,0
https://instagram.com/iam.ggu,181,3,2803,5,0,0
https://instagram.com/wjdekadl3,731,8,1915,0,0,0
https://instagram.com/b0ol_,474,60,0,0,0,0
https://instagram.com/9.1.0.7.3.0,934,19,0,0,0,0
https://instagram.com/juhee_sohn,153,4,1961,4,0,0
https://instagram.com/pdj.1989,234,8,749,19,0,0
https://instagram.com/94danmie,325,8,3992,5,0,0
https://instagram.com/i_amjini,449,11,1440,7,0,0
https://instagram.com/yeonions,1771,78,0,0,0,0
https://instagram.com/bbjini,1154,24,41700,16,0,0
https://instagram.com/_rumiii,103,4,520,2,0,0
https://instagram.com/baisookr,153,6,887,4,0,0
https://instagram.com/adel_j_,89,3,1028,4,0,0
https://instagram.com/jjyy.1014,486,18,0,0,0,0
https://instagram.com/manyofactory_official,249,2,2077,22,3881,50
https://instagram.com/inthe_h__1,1316,23,0,0,0,0
https://instagram.com/ain_jane,124,8,718,10,0,0
https://instagram.com/chae_jinju,789,11,0,0,0,0
https://instagram.com/jehwani2222,854,14,0,0,0,0
https://instagram.com/sean_mom_miso,74,1,0,0,0,0
https://instagram.com/dda_ddable,2867,30,0,0,0,0
https://instagram.com/ang6624,756,48,1980,27,0,0
https://instagram.com/hilty74,352,4,0,0,0,0
https://instagram.com/reve_sunhwa,187,5,0,0,152,4
https://instagram.com/search4matchip,501,10,0,0,0,0
https://instagram.com/ssongjiyam,1062,41,1538,33,0,0
https://instagram.com/njellsol,791,52,1178,48,0,0
https://instagram.com/bambi_nimo,308,8,0,0,0,0
https://instagram.com/do_ob93,1393,17,2670,13,0,0
https://instagram.com/habin_s2_,2644,73,0,0,0,0
https://instagram.com/melo__j,306,16,0,0,0,0
https://instagram.com/shin_hope,917,35,2909,43,0,0
https://instagram.com/angelwhite79,663,62,0,0,0,0
https://instagram.com/bbonjlove,128,1,204,1,1145,0
https://instagram.com/hyejeongj,739,44,0,0,0,0
https://instagram.com/mong__bee,1395,15,0,0,0,0
https://instagram.com/coordibling,169,7,3906,8,0,0
https://instagram.com/hani_823,288,13,0,0,0,0
https://instagram.com/iam_tasoon,157,8,586,4,0,0
https://instagram.com/dum_a_official,1203,21,0,0,0,0
https://instagram.com/handy_j,430,6,789,3,0,0
https://instagram.com/kangda.bong,230,16,1880,17,0,0
https://instagram.com/so1ji,245,7,2020,13,1158,2
https://instagram.com/yucca_official,1357,32,24000,41,0,0
https://instagram.com/h_eeny,534,19,0,0,0,0
https://instagram.com/mmmino_mom,472,13,0,0,0,0
https://instagram.com/jh1130,810,8,8200,24,0,0
https://instagram.com/kimreeslev,5960,21,0,0,0,0
https://instagram.com/subnii,398,28,0,0,0,0
https://instagram.com/96.8g,737,84,0,0,0,0
https://instagram.com/samchic.nana,616,4,7511,5,0,0
https://instagram.com/mr_hwangdo,1002,24,5728,25,0,0
https://instagram.com/ye_bin_mom,783,13,0,0,0,0
https://instagram.com/love018294,364,9,0,0,0,0
https://instagram.com/yuaring,287,2,332,0,0,0
https://instagram.com/yeonhoo__mom,996,15,1657,24,0,0
https://instagram.com/snowwhite_u,498,7,0,0,0,0
https://instagram.com/love_jin215,452,15,0,0,0,0
https://instagram.com/msensation,577,25,2722,34,0,0
https://instagram.com/luce.soll,919,10,0,0,0,0
https://instagram.com/chic_gimme,771,38,403,8,4168,45
https://instagram.com/minsco_,1604,23,8367,20,14100,26
https://instagram.com/y.unnm,611,24,4287,14,0,0
https://instagram.com/am.ton_100k,1022,6,46507,31,62950,52
https://instagram.com/kirin_makeup,3040,28,26092,97,32700,68
https://instagram.com/j_j_u._.u,444,7,0,0,0,0
https://instagram.com/s.he2__,949,149,1011,149,0,0
https://instagram.com/luvjemma,273,13,0,0,0,0
https://instagram.com/lim_friendship,1146,27,19300,36,0,0
https://instagram.com/heeyayum,421,19,0,0,0,0
https://instagram.com/goonyyeonee,953,82,1816,96,0,0
https://instagram.com/vousmaimezs,502,18,3159,17,0,0
https://instagram.com/jekyllhb,589,38,0,0,0,0
https://instagram.com/imurjaein,246,23,6065,107,6265,13
https://instagram.com/heegela,612,4,0,0,0,0
https://instagram.com/ajungmi__,120,10,6018,20,0,0
https://instagram.com/damsluv,155,8,0,0,0,0
https://instagram.com/8._.13_,537,13,0,0,0,0
https://instagram.com/mickeysee,1457,27,2283,0,0,0
https://instagram.com/naraeqq,265,9,4588,15,0,0
https://instagram.com/jy0_0e,1202,17,0,0,0,0
https://instagram.com/leedrey,3649,92,10300,48,0,0
https://instagram.com/seojeong__2,766,123,0,0,0,0
https://instagram.com/yonwoo_mom,139,4,0,0,0,0
https://instagram.com/roro_bebe_,147,9,0,0,0,0
https://instagram.com/gegur2,1166,21,591,1,0,0
https://instagram.com/chu3u,367,6,0,0,0,0
