,0,1,2,3,4,5
0,https://instagram.com/sakinanba,6737,149041,674,1,1
1,https://instagram.com/feelyujin,2335,172526,273,1,0
2,https://instagram.com/dd9987_,652,98168,702,1,0
3,https://instagram.com/joohea8,511,67251,3576,1,0
4,https://instagram.com/jjjin.young,712,30738,125,1,0
5,https://instagram.com/lovelehee,1213,225430,213,1,0
6,https://instagram.com/hol_ddong,757,41095,369,1,0
7,https://instagram.com/ellelynna,2540,91372,1703,1,0
8,https://instagram.com/binicompany_yy,-1,-1,-1,-1,-1
9,https://instagram.com/b_d.ijin,1189,112514,298,1,0
10,https://instagram.com/kkimhayoung,6240,64978,1104,1,0
11,https://instagram.com/abbielee7,1467,91028,590,1,0
12,https://instagram.com/kiu_design_,1131,114148,534,1,0
13,https://instagram.com/by_ladymimi,10517,46063,396,1,0
14,https://instagram.com/mjkim0108,2232,25741,562,1,0
15,https://instagram.com/shu__________,640,158690,687,1,0
16,https://instagram.com/leeseeraa,2228,74659,128,1,0
17,https://instagram.com/hxnjxwxn,689,88098,273,1,0
18,https://instagram.com/kangnajj,888,63220,280,1,0
19,https://instagram.com/1992.12.11,1422,31433,427,1,0
20,https://instagram.com/nara_crush,97,29332,141,1,0
21,https://instagram.com/hwangbarbie,1933,201492,133,1,0
22,https://instagram.com/jooyeonking,1382,65270,515,1,0
23,https://instagram.com/_eun.me,196,28871,175,1,0
24,https://instagram.com/i.am.mell,263,59903,30,1,1
25,https://instagram.com/kkangsara,1557,86366,6635,1,0
26,https://instagram.com/pila_nyong,623,122292,499,1,0
27,https://instagram.com/chaae.rin,1017,132123,376,1,0
28,https://instagram.com/baeg_,933,53682,222,1,0
29,https://instagram.com/miuforyou,298,154485,1,1,0
30,https://instagram.com/luv_mintminty,718,266383,91,1,0
31,https://instagram.com/diana_park0116,1637,60342,189,1,0
32,https://instagram.com/wsj007,1303,97965,113,1,0
33,https://instagram.com/choonran,814,44204,551,1,0
34,https://instagram.com/6g_s2,-1,-1,-1,-1,-1
35,https://instagram.com/____uhaa,-1,-1,-1,-1,-1
36,https://instagram.com/__ssong2__,441,48002,254,1,0
37,https://instagram.com/by_malla,2055,27859,5482,1,0
38,https://instagram.com/shinae.lee,417,23912,334,1,0
39,https://instagram.com/bbangmi.a,1848,31473,176,1,0
40,https://instagram.com/eaum0801,2466,117521,6966,1,0
41,https://instagram.com/m_chae0_,60,96018,59,0,0
42,https://instagram.com/gnal_nail,1701,64113,191,1,0
43,https://instagram.com/k_ming97,156,147145,275,1,0
44,https://instagram.com/cherie_flavor,1596,79286,298,1,0
45,https://instagram.com/zin_uk,74,60175,177,1,0
46,https://instagram.com/heurim.03.08,42,51349,1242,1,0
47,https://instagram.com/milladiary,2556,36877,290,1,0
48,https://instagram.com/model.yca,604,164593,562,1,0
49,https://instagram.com/__luv_j,680,19829,251,1,0
50,https://instagram.com/he.le.n._,626,125382,764,1,0
51,https://instagram.com/154kg,4704,40403,236,1,0
52,https://instagram.com/sso_ix,525,88676,79,1,0
53,https://instagram.com/from_dami,996,139724,190,1,0
54,https://instagram.com/ellie_jye,1880,100759,7190,1,0
55,https://instagram.com/lejour_official,1499,26395,850,1,0
56,https://instagram.com/hahana111,3828,48743,860,1,1
57,https://instagram.com/chxxilee,844,207074,145,1,0
58,https://instagram.com/koojungyeon,6157,66207,655,1,0
59,https://instagram.com/dawoonyyy,675,66632,381,1,0
60,https://instagram.com/ye_____vely,114,62729,212,1,0
61,https://instagram.com/jeon.han_na,4657,109358,7418,1,0
62,https://instagram.com/shuniibeauty,656,68075,226,1,0
63,https://instagram.com/suno_photo82,434,172707,113,1,0
64,https://instagram.com/ssuly.ssul,281,49858,20,1,0
65,https://instagram.com/minjichu_,2032,86568,307,1,0
66,https://instagram.com/ujmoo_,638,113711,177,1,0
67,https://instagram.com/april.haru,1569,30005,8,1,0
68,https://instagram.com/jjjin.young,712,30738,125,1,0
69,https://instagram.com/haebbang2,1585,29993,2045,1,0
70,https://instagram.com/hyunsuk_goby,399,51127,190,1,0
71,https://instagram.com/yoomstagramm_,454,176795,562,1,0
72,https://instagram.com/shiny_jin_30,1732,23344,6450,1,0
73,https://instagram.com/bombom_daily_,-1,-1,-1,-1,-1
74,https://instagram.com/h_villa_,1833,41271,317,1,0
75,https://instagram.com/kimssang83,40,31693,641,1,1
76,https://instagram.com/sera0217,2334,158860,343,1,1
77,https://instagram.com/sweetyserim,2393,124684,908,1,0
78,https://instagram.com/__luv_j,680,19829,251,1,0
79,https://instagram.com/ohmyseon,465,103088,373,1,0
80,https://instagram.com/collour,1619,28217,884,1,0
81,https://instagram.com/jnnn2,1798,86559,260,1,0
82,https://instagram.com/ssol_ee,678,161708,126,1,0
83,https://instagram.com/umji0714,624,149071,496,1,0
84,https://instagram.com/ringhee,1373,119336,560,1,1
85,https://instagram.com/jessica_kimkayeon,1175,47320,400,1,1
86,https://instagram.com/goldpandang,-1,-1,-1,-1,-1
87,https://instagram.com/lo9ve8r01s,232,140873,93,1,0
88,https://instagram.com/hermia24,1790,46401,441,1,0
89,https://instagram.com/aya__m02,578,189539,610,1,1
90,https://instagram.com/jiwon.loves,2505,42686,1237,1,0
91,https://instagram.com/chul2gram,1412,95602,950,1,0
92,https://instagram.com/oh_dya,691,50764,822,1,0
93,https://instagram.com/hhyun_ha,133,124107,258,1,0
94,https://instagram.com/hellojiyoungs,243,19291,100,1,0
95,https://instagram.com/diiin.d,107,98125,469,1,0
96,https://instagram.com/jj.529529,412,62999,198,1,0
97,https://instagram.com/chaeeun_eunchae,980,179635,185,1,0
98,https://instagram.com/bad_seonghye,8162,163942,390,1,0
99,https://instagram.com/petite_bird_,-1,-1,-1,-1,-1
