,0,1,2,3,4,5,6
0,https://instagram.com/ahsy_u,6055,49,68000,149,41700,77
1,https://instagram.com/peripera_official,7594,76,21550,108,0,0
2,https://instagram.com/__dropin,6013,34,18300,48,0,0
3,https://instagram.com/holikaholika_official,1787,12,3494,26,0,0
4,https://instagram.com/knhs2,48324,143,0,0,0,0
5,https://instagram.com/gemma_811,6433,51,6249,34,0,0
6,https://instagram.com/thedudacastro,34380,855,230500,495,0,0
7,https://instagram.com/88bbong,3688,80,15900,319,60600,26
8,https://instagram.com/benefitcosmeticskorea,1519,36,4273,4,0,0
9,https://instagram.com/grace1.co.kr__,342,28,0,0,0,0
10,https://instagram.com/yehdeb,35211,490,0,0,0,0
11,https://instagram.com/dawniscoming,4394,22,40833,22,0,0
12,https://instagram.com/wonderpyo,709,27,0,0,2465,4
13,https://instagram.com/withnami,1318,185,23400,88,0,0
14,https://instagram.com/pt_u_jin,18358,90,0,0,0,0
15,https://instagram.com/ro.junghwa,4834,19,0,0,0,0
16,https://www.instagram.com/chahong.official/,398,2,19667,11,0,0
17,https://instagram.com/aheadsman_l,2957,94,51075,392,0,0
18,https://instagram.com/derful_yuri,495,14,12282,21,0,0
19,https://instagram.com/__h.bin,0,0,0,0,0,0
20,https://instagram.com/ryun1013,419,14,0,0,0,0
21,https://instagram.com/yeon.sun,1403,15,0,0,0,0
22,https://instagram.com/egeeparkcom,214,4,13786,32,9158,1
23,https://www.instagram.com/iammaeng/,12136,54,49400,21,0,0
24,https://instagram.com/aprilskin_korea,728,9,1787,2,0,0
25,https://instagram.com/go_bambi,1005,58,32300,49,0,0
26,https://instagram.com/memebox_pick,273,7,894,0,0,0
27,https://instagram.com/heejaeholic,1271,28,38300,43,0,0
28,https://instagram.com/moonshot_korea,26810,231,28280,32,0,0
29,https://instagram.com/128page,2501,17,11600,12,0,0
30,https://instagram.com/minsung8809,8948,46,15900,83,0,0
31,https://instagram.com/daese1230,3238,45,0,0,0,0
32,https://instagram.com/joontopia_,2320,26,0,0,0,0
33,https://instagram.com/vecnexz,3907,29,7323,4,0,0
34,https://instagram.com/real__siri,329,10,0,0,3622,3
35,https://instagram.com/kwaktori,2039,26,0,0,0,0
36,https://instagram.com/yoou.ch,10735,33,9722,9,0,0
37,https://instagram.com/heididrinkslove,2064,655,64640,1038,0,0
38,https://instagram.com/besthairstylesmen,6496,97,62866,38,0,0
39,https://instagram.com/naturerepublic_kr,14087,306,13317,17,0,0
40,https://instagram.com/i.hate.cucumber,2592,20,0,0,0,0
41,https://instagram.com/bbia.official,1668,69,7197,17,0,0
42,https://instagram.com/jju_dresser,631,47,21518,36,12945,24
43,https://instagram.com/mini_o24,622,23,26572,26,34325,36
44,https://instagram.com/yeonpilates,1533,62,22850,47,0,0
45,https://instagram.com/olaborasong,12551,345,30250,161,0,0
46,https://instagram.com/mming_kkong_,4071,41,0,0,0,0
47,https://instagram.com/hyanggggg_,3351,21,0,0,0,0
48,https://instagram.com/leah_miso,1778,13,11201,17,0,0
49,https://instagram.com/jenny_beauty0209,4079,30,381000,624,0,0
50,https://instagram.com/iamtaengja,4940,627,0,0,0,0
51,https://instagram.com/tamystory,938,46,9996,46,0,0
52,https://instagram.com/kimdayeong_life,6569,89,34450,28,62600,117
53,https://instagram.com/yeonggine,266,13,3133,16,0,0
54,https://instagram.com/nice_nemo,970,61,21497,36,0,0
55,https://instagram.com/manyo_yoojin,6819,92,0,0,0,0
56,https://instagram.com/cchan_fee4,17797,135,0,0,0,0
57,https://instagram.com/sson__s,609,71,6207,26,0,0
58,https://instagram.com/kukukuyeah,22436,290,91000,1311,0,0
59,https://instagram.com/moon_hahyeon,3498,29,4748,33,0,0
60,https://instagram.com/twinkle_sunny7,1768,91,20530,208,0,0
61,https://instagram.com/bunnyaire,9856,83,129000,81,0,0
62,https://instagram.com/_s_hj,6959,62,15600,83,21000,20
63,https://instagram.com/froydz,5026,7,0,0,0,0
64,https://instagram.com/sso_ix,2358,5,3339,7,0,0
65,https://instagram.com/harry_bloom,3551,101,32091,46,0,0
66,https://instagram.com/all6i2,508,58,0,0,0,0
67,https://instagram.com/sh1994m,1356,12,815,4,0,0
68,https://instagram.com/16.brand,1649,38,4115,4,0,0
69,https://instagram.com/theorohaejung,151,12,5207,16,0,0
70,https://instagram.com/pinksecret85,392,23,7909,42,13750,14
71,https://instagram.com/ysubini,6117,21,30500,19,0,0
72,https://instagram.com/mint_factory.1004,1884,9,5901,2,0,0
73,https://instagram.com/___solvely___,8771,42,0,0,0,0
74,https://instagram.com/louis0387,716,4,4867,4,0,0
75,https://instagram.com/luv_jayne,9327,29,4893,6,0,0
76,https://instagram.com/yonyonyxx,4233,28,0,0,0,0
77,https://instagram.com/love_boki,530,10,0,0,0,0
78,https://instagram.com/atoi_jihyo,365,25,0,0,0,0
79,https://instagram.com/laun_kr,1310,214,0,0,0,0
80,https://instagram.com/heizlemakeup,5766,66,19650,48,0,0
81,https://instagram.com/ddimmi96,4821,68,9994,78,0,0
82,https://instagram.com/y_unanaa,1810,77,18400,26,0,0
83,https://instagram.com/ahk0925,1071,96,0,0,0,0
84,https://instagram.com/moonguiyoung,644,7,0,0,0,0
85,https://instagram.com/ecom0920,300,27,6902,33,0,0
86,https://instagram.com/akaribeauty7,26754,9534,54750,974,0,0
87,https://instagram.com/victoritalovely,0,0,0,0,0,0
88,https://instagram.com/hinzajoa,382,6,1048,3,0,0
89,https://instagram.com/mamondekorea,1318,89,9533,70,0,0
90,https://instagram.com/lxoxoee,5296,24,0,0,0,0
91,https://instagram.com/sjingg_,898,101,19110,88,0,0
92,https://instagram.com/yoon__bling,569,37,0,0,0,0
93,https://instagram.com/dd.mini,1858,84,29033,133,16900,30
94,https://instagram.com/he1.da,7149,169,0,0,0,0
95,https://instagram.com/6_21ds,8959,60,36800,68,0,0
96,https://instagram.com/woohye0n,12625,106,82767,78,0,0
97,https://instagram.com/mona_monanim,13022,28,202150,80,222000,58
98,https://instagram.com/kimzayoung,611,5,1703,8,0,0
99,https://instagram.com/mozzi.00,370,7,7932,9,0,0
